Lead ID,Vestigingsnaam,Organisatienaam,Bron organisatienaam,KVK-nummer,Domein,Website,Vestigingsplaats,Postcode,Adres,Aantal medewerkers,Medewerkersklasse,Bron medewerkers,Bronniveau medewerkers,Peildatum medewerkers,Actualiteit medewerkers,Meetniveau medewerkers,Eenheid medewerkers,Status handmatige beoordeling,Bronnen handmatige beoordeling,Segment,Doelgroepstatus,Algemeen e-mailadres,Telefoonnummer,Bron contactgegevens,Resultaat vergelijking acquisitielijst,Matchwijze acquisitielijst,Datum verzameld,Opmerkingen
L0001,Intervet International B.V. (MSD Animal Health),Onbekend,Niet gevonden,16028015,msd-animal-health.nl,https://www.msd-animal-health.nl,Boxmeer,5831 AN,Wim de Körverstraat 35,Ongeveer 2.000,Niet gevonden,https://msd.nl/boxmeer/,A,Onbekend,Actueel/live,Vestiging,Werkzame personen,niet nodig,,50+,nog niet te bepalen,Niet gevonden,+31 485 587600,https://www.msd-animal-health.nl/contactgegevens/,nog niet gecontroleerd,,15-09-2026,"Segment toegekend op basis van een actuele locatiepagina zonder expliciete peildatum. De bron noemt ongeveer 2.000 medewerkers op de locatie; dit ligt eenduidig in het segment 50+. Eerder gevonden afwijkende cijfers veranderen dit niet: circa 1.400 betreft heel Nederland en valt af op meetniveau, circa 2.100 komt uit een C-bron en wijst dezelfde kant op. Geen algemeen e-mailadres gepubliceerd, alleen een adres voor orderverwerking. Naast het NL-domein bestaat ook een .com-domein."
L0002,Elpress B.V.,Onbekend,Niet gevonden,27160774,elpress.com,https://www.elpress.com,Boxmeer,5831 AV,Handelstraat 21,Onbekend,Niet gevonden,Niet gevonden,Onbekend,Onbekend,Actualiteit onduidelijk,Onbekend,Onbekend,niet nodig,,onbekend,nog niet te bepalen,sales@elpress.com,+31 485 51 69 69,https://www.elpress.com/contact,nog niet gecontroleerd,,15-09-2026,"Geen enkel publiek medewerkersgegeven gevonden. Datagat, geen tegenstrijdigheid. KVK-nummer en adres bevestigd op de eigen contactpagina. sales@ is het enige gepubliceerde algemene adres."
L0003,Hendrix Genetics B.V.,Onbekend,Niet gevonden,13029510,hendrix-genetics.com,https://www.hendrix-genetics.com,Boxmeer,5831 CK,Spoorstraat 69,Onbekend,21 tot 50,https://www.oozo.nl/bedrijven/boxmeer/boxmeer/bakelgeert-noord/27100/hendrix-genetics-b-v,C,Onbekend,Actualiteit onduidelijk,Entiteit,Werkzame personen,niet nodig,,onbekend,nog niet te bepalen,info@hendrix-genetics.com,+31 485 801 911,https://www.hendrix-genetics.com/en/about/contact/ en https://dutchpoultrycentre.nl/en/preferred-partners/breeding-hatching/hendrix-genetics,nog niet gecontroleerd,,15-09-2026,"Alleen een C-bron, die bovendien de entiteit betreft en niet de locatie. De klasse 21 tot 50 bevat waarden onder 50 en de waarde 50 zelf, dus ook bij een sterkere bron zou dit een grensgeval blijven. Op hetzelfde adres staan meerdere groepsentiteiten en er is geen bron die het totaal voor de locatie noemt. E-mailadres komt van een derde partij en is niet op de eigen site bevestigd."
L0004,Installatiebedrijf van Paridon B.V.,Onbekend,Niet gevonden,16035887,paridon-mas.nl,http://www.paridon-mas.nl,Boxmeer,5831 MS,Merel 5,10,10 tot 19,https://cvketel-gids.nl/boxmeer/installatiebedrijf-van-paridon-b-v/,C,Onbekend,Actualiteit onduidelijk,Vestiging,Werkzame personen,niet nodig,,onbekend,nog niet te bepalen,info@paridon-mas.nl,0485 57 83 83,http://www.paridon-mas.nl/contact.html,nog niet gecontroleerd,,15-09-2026,"Alleen een C-bron. Dezelfde bron noemt zowel 10 werknemers als de klasse 10 tot 19, beide volledig in het bereik 49 of minder, dus geen tegenstrijdigheid. Bij een A- of B-bron zou dit direct tot nog te bepalen leiden. Het bronniveau is hier het knelpunt, niet de grens."
L0005,Instalplan Advies,Onbekend,Niet gevonden,Niet gevonden,instalplan.nl,https://www.instalplan.nl,Boxmeer,5831 GK,Sambeekseweg 33,Onbekend,Niet gevonden,Niet gevonden,Onbekend,Onbekend,Actualiteit onduidelijk,Onbekend,Onbekend,niet nodig,,onbekend,nog niet te bepalen,info@instalplan.nl,+31 6 831 95 313,https://www.instalplan.nl/,nog niet gecontroleerd,,15-09-2026,"Geen KVK-nummer en geen medewerkersgegeven gevonden. Contactgegevens komen rechtstreeks van de eigen website. Telefoonnummer is een mobiel nummer, maar staat als zakelijk contactnummer op de site."
L0006,aaff kantoor Boxmeer,aaff,https://www.aaff.nl/en/locations/boxmeer en https://www.aaff.nl/werken-bij-aaff/over-ons,Niet gevonden,aaff.nl,https://www.aaff.nl,Boxmeer,5831 PJ,Akkerdistel 4,Circa 2000,Niet gevonden,https://www.aaff.nl/werken-bij-aaff/over-ons,A,Onbekend,Actueel/live,Organisatie,Onbekend,niet nodig,,50+,nog niet te bepalen,info@aaff.nl,+31 485 572120,https://www.aaff.nl/en/locations/boxmeer,nog niet gecontroleerd,,15-09-2026,"Aantal gebaseerd op de eigen werken-bij-pagina, die spreekt over circa 2000 collega's verspreid over 50 kantoren in Nederland. De bron maakt niet expliciet duidelijk of dit werkzame personen/headcount of fte betreft, daarom staat Eenheid medewerkers op Onbekend. De formulering verwijst wel duidelijk naar personen en het genoemde aantal ligt boven de grens van 50, waardoor segment 50+ volgens de vastgestelde regel mag worden toegekend. Het jaarverslag 2025 noemt 1723 co-eigenaren; dit cijfer is niet als medewerkersaantal gebruikt. Adres, telefoonnummer en e-mailadres komen van de eigen locatiepagina. Het e-mailadres is organisatiebreed en niet vestigingsspecifiek. KVK-nummer van de entiteit achter deze vestiging is niet vastgesteld."
L0007,Mezzo Elzendaal Boxmeer,Mezzo Scholen voor vwo havo en vmbo,DUO vestigingen VO — data/duo/vestigingen_vo.csv,Niet gevonden,elzendaalcollege.nl,https://www.elzendaalcollege.nl,Boxmeer,5831 CW,Bilderbeekstraat 27,440,Niet gevonden,DUO Onderwijspersoneel VO in aantal personen 2011-2025 — data/duo/onderwijspersoneel_vo_personen_2011_2025.xlsx,B,01-10-2025,Expliciet gedateerd,Organisatie,Werkzame personen,niet nodig,,50+,nog niet te bepalen,info@elzendaalcollege.nl,0485-572032,https://schoolkeuzehulp.nl/middelbare-school/elzendaalcollege-boxmeer/ en https://www.dekonnectkever.nl/organisatie/elzendaalcollege-boxmeer/,nog niet gecontroleerd,,15-09-2026,"Onderwijsregel toegepast: Organisatienaam is vastgesteld op BRIN-niveau via de DUO-lookup (python scripts/duo_onderwijs_lookup.py 17HN). Officiële instelling: Mezzo Scholen voor vwo havo en vmbo. Bevoegd gezag: Ons Middelbaar Onderwijs, bestuursnummer 41211. DUO PERSONEN 2025 = 440 op instellingsniveau, peildatum 1 oktober 2025. Dit totaal geldt voor alle vier vestigingen onder BRIN 17HN samen (Boxmeer x3, Gennep x1) en niet alleen voor de fysieke locatie Bilderbeekstraat 27. Segment = 50+. KVK-nummer blijft ongewijzigd / Niet gevonden."
L0008,SPGPrints B.V. Boxmeer,Onbekend,https://companyinfo.nl/organisatieprofiel/drukkerijen-van-dagbladen/spgprints-boxmeer-16032034-000018930794,16032034,spgprints.com,https://www.spgprints.com,Boxmeer,5831 AT,Raamstraat 1-3,Onbekend,Niet gevonden,Niet gevonden,Onbekend,Onbekend,Actualiteit onduidelijk,Onbekend,Onbekend,niet nodig,,onbekend,nog niet te bepalen,Niet gevonden,+31 485 599 555,https://www.spgprints.com/contact,nog niet gecontroleerd,,15-09-2026,Organisatiestructuur onzeker. KVK-gegevens noemen Print I B.V. als eigenaar van SPGPrints B.V. en daarnaast bestaat de naam SPGPrints Group met buitenlandse vestigingen. Niet vastgesteld welk niveau de canonieke Organisatie voor de 50-grens is. De eigen site noemt Raamstraat 1-3 en de KVK-registratie Raamstraat 3; het adres van de eigen site is aangehouden. Geen algemeen e-mailadres gevonden. Circulerende medewerkersaantallen uit niveau D-bronnen zijn niet gebruikt.
L0009,Bibliotheek Boxmeer / hoofdkantoor BiblioPlus,Stichting BiblioPlus,https://www.biblioplus.nl/overons/over-biblioplus.html en https://www.biblioplus.nl/klantenservice/contact.html,17169778,biblioplus.nl,https://www.biblioplus.nl,Boxmeer,5831 KC,De Raetsingel 1,51,Niet gevonden,https://www.biblioplus.nl/overons/over-biblioplus.html,A,Onbekend,Actueel/live,Organisatie,Onbekend,niet nodig,,50+,nog niet te bepalen,info@biblioplus.nl,+31 (0)485 583 500,https://www.biblioplus.nl/klantenservice/contact.html,nog niet gecontroleerd,,15-09-2026,"De eigen pagina meldt in de huidige tekst 51 medewerkers en meer dan 560 vrijwilligers. Oudere of externe weergaven noemen 35 of 37 medewerkers, maar die zijn niet als actuele onafhankelijke bron gebruikt. Vrijwilligers zijn niet meegeteld. De bron noemt medewerkers maar maakt niet expliciet duidelijk of dit headcount of fte betreft; daarom staat Eenheid medewerkers op Onbekend. Omdat het genoemde aantal personen 50 of meer is, is segment 50+ toegestaan volgens de vastgestelde regel. Boxmeer is het hoofdkantoor in De Weijer."
L0010,"Sociom, locatie De Weijer Boxmeer",Sociom,https://sociom.nl/over-ons/ en https://sociom.nl/locaties/,Niet gevonden,sociom.nl,https://sociom.nl,Boxmeer,5831 KC,De Raetsingel 1,Ongeveer 75,Niet gevonden,https://sociom.nl/medewerkers/,A,Onbekend,Actueel/live,Organisatie,Werkzame personen,niet nodig,,50+,nog niet te bepalen,info@sociom.nl,0485-700 500,https://sociom.nl/locaties/,nog niet gecontroleerd,,15-09-2026,"Geen bruikbaar medewerkersgegeven gevonden na toepassing van de vastgestelde stopregel. Ontbrekende data zijn op zichzelf geen reden voor handmatige beoordeling. Sociom werkt in Land van Cuijk en West Maas en Waal met meerdere locaties, waarvan De Weijer in Boxmeer er één is. Eén externe bron noemt De Raetsingel 5; het adres van de eigen site is aangehouden. De eigen medewerkerspagina van Sociom vermeldt actueel ongeveer 75 medewerkers, ruim 350 vrijwilligers en circa 50 stagiairs. Alleen de circa 75 medewerkers worden gebruikt voor segmentatie; vrijwilligers en stagiairs worden niet meegeteld. Het cijfer heeft betrekking op Sociom als organisatie, waarvan De Weijer Boxmeer een locatie is. Bronniveau = A, Meetniveau = Organisatie, Eenheid = Werkzame personen. Omdat het betrouwbare organisatiecijfer boven de grens van 50 ligt, is Segment vastgesteld op 50+."
L0011,Bouwbedrijf Van Oijen B.V. Boxmeer,Bouwbedrijf Van Oijen B.V.,https://www.oijen-bouw.nl/ en https://www.bouwgarant.nl/aannemers/boxmeer/bouwbedrijf-van-oijen-bv,16046049,oijen-bouw.nl,https://www.oijen-bouw.nl,Boxmeer,5831 AP,Kleine Broekstraat 7,20,Niet gevonden,https://www.oijen-bouw.nl/,A,Onbekend,Actueel/live,Organisatie,Werkzame personen,afgerond,https://www.oijen-bouw.nl/ en https://drimble.nl/bedrijf/boxmeer/000015501116/bouwbedrijf-van-oijen-bv.html en https://drimble.nl/bedrijf/gemeente/land-van-cuijk/15501116/bouwbedrijf-van-oijen-bv.html,nog te bepalen,nog niet te bepalen,algemeen@oijen-bouw.nl,0485 57 14 32,https://www.oijen-bouw.nl/contact,nog niet gecontroleerd,,15-09-2026,Handmatige beoordeling afgerond. De eigen website beschrijft een 20-koppig team en koppelt dit aan medewerkers/vakmensen van Bouwbedrijf Van Oijen B.V.; daarom is het aantal 20 vastgelegd als Werkzame personen. De onderneming treedt onder eigen naam naar buiten met een eigen website en contactstructuur. Er bestaat een holdingstructuur met MJE Beheer B.V. als moedermaatschappij. Op basis van de voorlopige HAHEBO-werkregel blokkeert een holdingstructuur de Organisatienaam niet wanneer de werkmaatschappij aantoonbaar als operationele onderneming naar buiten treedt en er geen duidelijke groepsbrede commerciële organisatie zichtbaar is. De precieze rol van MJE Beheer is niet met een registeruittreksel vastgesteld en blijft daarom als aandachtspunt genoteerd. Op hetzelfde adres staat daarnaast Metaalgieterij Kinheim B.V.; de relatie daarvan tot Bouwbedrijf Van Oijen is niet vastgesteld. Met 20 werkzame personen krijgt de lead Segment = nog te bepalen totdat HAHEBO de regionale afbakening heeft vastgesteld.
L0012,"Gemeente Land van Cuijk, gemeentehuis Boxmeer",Gemeente Land van Cuijk,https://www.gemeentelandvancuijk.nl,Niet gevonden,gemeentelandvancuijk.nl,https://www.gemeentelandvancuijk.nl,Boxmeer,5831 JX,Raadhuisplein 1,Ongeveer 800,Niet gevonden,eigen werken-bij/vacaturepagina van Gemeente Land van Cuijk,A,Niet gevonden,Actueel/live,Organisatie,Onbekend,niet nodig,,50+,nog niet te bepalen,gemeente@landvancuijk.nl,0485-854000,https://www.gemeentelandvancuijk.nl,nog niet gecontroleerd,,15-09-2026,"Organisatie = Gemeente Land van Cuijk; lead betreft het gemeentehuis/locatie Boxmeer. Personeelsbron (eigen werken-bij/vacaturepagina) noemt ongeveer 800 medewerkers op organisatieniveau, bronkwaliteit A; de bron benoemt dit aantal niet expliciet als headcount of FTE, daarom staat Eenheid medewerkers op Onbekend. Omdat circa 800 ruim boven de grens van 50 ligt, is Segment = 50+. Raadhuisplein 1 is als huidig adres gebruikt; een eerdere, verzwakte vermelding van Raadsstraat 1 is niet gebruikt. Het nummer 28523612 is niet als KVK-nummer ingevuld omdat dit niet als KVK-nummer is bevestigd. Acquisitielijst nog niet gecontroleerd."
L0013,SBO Palet Boxmeer,School voor Speciaal Basisonderwijs Palet,DUO vestigingen SBO/SO/VSO — data/duo/vestigingen_sbo_so_vso.csv,41081122,paletboxmeer.nl,https://www.paletboxmeer.nl,Boxmeer,5831 EW,Pastoor Kerstenstraat 38,18,Niet gevonden,DUO Onderwijspersoneel PO in aantal personen 2011-2025 — afgeleide compacte dataset data/duo/duo_po_brin_personen_2011_2025_compact.xlsx,B,01-10-2025,Expliciet gedateerd,Organisatie,Werkzame personen,niet nodig,,nog te bepalen,nog niet te bepalen,dir.palet@optimusonderwijs.nl,0485-571685,Optimus scholenoverzicht + SBO Palet schoolgids 2025-2026,nog niet gecontroleerd,,15-09-2026,"Onderwijsregel toegepast: Organisatienaam is vastgesteld op BRIN-niveau via de DUO-lookup. Officiële instelling: School voor Speciaal Basisonderwijs Palet, BRIN 20GB, vestigingscode 20GB00. Bevoegd gezag: OPTIMUS, bestuursnummer 48348. DUO PERSONEN 2025 = 18 op instellingsniveau, peildatum 1 oktober 2025; dit cijfer geldt op BRIN-/instellingsniveau. Personeelsdata komt uit de afgeleide compacte PO-dataset, traceerbaar naar het officiële DUO-bronbestand (zie data/duo/README.md). Segment = nog te bepalen. Het bestuursniveau van OPTIMUS is niet gebruikt voor segmentatie."
L0014,"Bol Adviseurs, locatie Boxmeer",Bol Adviseurs,https://www.boladviseurs.nl,16064022,boladviseurs.nl,https://www.boladviseurs.nl,Boxmeer,5831 CK,Spoorstraat 73,Meer dan 300,Niet gevonden,https://www.boladviseurs.nl/over-bol/medewerkers,A,Niet gevonden,Actueel/live,Organisatie,Onbekend,niet nodig,,50+,nog niet te bepalen,info@boladviseurs.nl,088 1211 300,https://www.boladviseurs.nl/boxmeer,nog niet gecontroleerd,,15-09-2026,"Bol Adviseurs is volgens de eigen disclaimer een collectieve naam voor meerdere juridische entiteiten. Voor deze Boxmeer-lead is KVK 16064022 van Bol Accountants B.V. gebruikt, vestigingsnummer 000017116937. STAK Bol Accountants is een eigendoms-/holdingstructuur en is niet als Organisatienaam gebruikt. Er is geen betrouwbare A- of B-bron met een bruikbaar medewerkersaantal gevonden; een eerder aangetroffen C-bron met 1 medewerker is niet gebruikt voor segmentatie. Telefoonnummer en e-mailadres zijn organisatiebrede contactgegevens; de officiële Boxmeer-locatiepagina bevestigt deze gegevens expliciet voor Spoorstraat 73. Bol International noemt een afwijkend generiek telefoonnummer en is daarom niet als primaire contactbron gebruikt. Acquisitielijst nog niet gecontroleerd. De eigen medewerkerspagina van Bol Adviseurs vermeldt actueel ""meer dan 300 professionals"". Dit cijfer heeft betrekking op Bol Adviseurs als organisatie en niet uitsluitend op locatie Boxmeer. De formulering is een persoonsaanduiding zonder expliciet fte-label; Eenheid medewerkers blijft daarom Onbekend. Omdat het betrouwbare organisatiecijfer ruim boven de grens van 50 ligt, is Segment vastgesteld op 50+."
L0015,Toolstation Boxmeer,Toolstation NL B.V.,https://www.toolstation.nl/content/terms,63449595,toolstation.nl,https://www.toolstation.nl/branches/boxmeer,Boxmeer,5831 AD,Sint Anthonisweg 53,Onbekend,Niet gevonden,Niet gevonden,Onbekend,Niet gevonden,Actualiteit onduidelijk,Onbekend,Onbekend,afgerond,https://www.toolstation.nl/content/jobs en https://www.toolstation.nl/content/terms en https://toolstation.jobilla.com/ en https://toolstation.otys.website/,onbekend,nog niet te bepalen,info@toolstation.nl,+31 71 581 5050,Toolstation Boxmeer vestigingspagina + Toolstation algemene voorwaarden: https://www.toolstation.nl/branches/boxmeer en https://www.toolstation.nl/content/terms,nog niet gecontroleerd,,16-09-2026,"Toolstation NL B.V. is via de eigen algemene voorwaarden bevestigd als Nederlandse organisatie, KVK 63449595; Boxmeer is een vestiging van deze organisatie op Sint Anthonisweg 53, 5831 AD Boxmeer. Het vestigingsnummer van Boxmeer is niet gevonden; vestigingsnummer 000032364911 hoort bij Bleiswijk (hoofdvestiging) en is niet aan Boxmeer toegeschreven. Er is geen bruikbaar A- of B-medewerkerscijfer gevonden. Jobilla noemt ruim 1.000 medewerkers, maar deze bron is na handmatige beoordeling niet gebruikt: onvoldoende aantoonbare provenance als officieel Toolstation-kanaal, en de Jobilla-tekst spreekt over meer dan 100 vestigingen en een hoofdzetel in Houten, terwijl actuele eigen Toolstation-bronnen 94 Nederlandse vestigingen en Bleiswijk noemen — organisatorisch/geografisch niveau sluit dus niet betrouwbaar aan. Deze bron is beoordeeld als C. Het officiële recruitmentkanaal toolstation.otys.website is gecontroleerd, maar blokkeert geautomatiseerde toegang en leverde daardoor geen bruikbaar medewerkersaantal op. De eigen Toolstation jobs-pagina noemt 94 Nederlandse vestigingen en Bleiswijk, maar geen medewerkersaantal. Het medewerkersonderzoek voor deze lead is hiermee afgerond; Aantal medewerkers blijft Onbekend, Segment blijft onbekend. E-mail en telefoon zijn organisatiebrede contactgegevens en niet uniek voor Boxmeer. Acquisitielijst nog niet gecontroleerd."
L0016,Abiks B.V.,Abiks B.V.,https://abiks.nl/over-ons/,Niet gevonden,abiks.nl,https://www.abiks.nl,Wanroij,5446 XE,Hank 20,Onbekend,Niet gevonden,Niet gevonden,Onbekend,Niet gevonden,Actualiteit onduidelijk,Onbekend,Onbekend,niet nodig,,onbekend,nog niet te bepalen,info@abiks.nl,085-0201336,"https://abiks.nl/privacybeleid/ voor adres; e-mailadres en telefoonnummer uit een externe vacaturepublicatie met Abiks-tekst, niet bevestigd op abiks.nl",nog niet gecontroleerd,,16-09-2026,"Eigen website bevestigt Hank 20 als vestigingsadres. Een externe leerbedrijvenbron noemt Hank 10; de actuele eigen bron is leidend, het afwijkende adres is genoteerd. KVK-nummer niet betrouwbaar gevonden. Mogelijke relatie met Aben B.V. van de oprichters is niet verder uitgewerkt. Medewerkersaantal niet gevonden. Let op: e-mailadres en telefoonnummer staan in een vacaturetekst op een extern platform en niet op de eigen site; het eigen privacybeleid noemt 06-83529858."
L0017,Holland Drilling B.V.,Holland Drilling B.V.,https://hollanddrilling.nl/contact/,67002706,hollanddrilling.nl,https://www.hollanddrilling.nl,Cuijk,5431 NN,Simon Homburgstraat 17,Onbekend,Niet gevonden,Niet gevonden,Onbekend,Niet gevonden,Actualiteit onduidelijk,Onbekend,Onbekend,niet nodig,,onbekend,nog niet te bepalen,info@hollanddrilling.nl,+31 485 74 50 40,https://hollanddrilling.nl/contact/,nog niet gecontroleerd,,16-09-2026,"Eigen website bevestigt de vestiging. KVK 67002706 met vestigingsnummer 000035580305. Er zijn gerelateerde entiteiten zichtbaar: Holland Drilling Beheer, Holland Drilling Projects en BMG Nederland. Er is geen bruikbaar medewerkersaantal gevonden. Holland Drilling B.V. blijft voor deze lead als organisatie gebruikt. De eigen site beschrijft een moderne en ruime kantooromgeving met binnen- en buitenwerkers."
L0018,Huijskes VRT B.V.,Huijskes Verkeersregeltechniek B.V.,https://www.huijskesvrt.nl/contact/,50169858,huijskesvrt.nl,https://www.huijskesvrt.nl,Overloon,5825 CC,14 Oktoberplein 6,Onbekend,Niet gevonden,Niet gevonden,Onbekend,Niet gevonden,Actualiteit onduidelijk,Onbekend,Onbekend,niet nodig,,onbekend,nog niet te bepalen,info@huijskesvrt.nl,+31 478 640021,"https://www.huijskesvrt.nl/contact/ voor adres en e-mailadres; telefoonnummer uit niveau-2-bedrijvengids, niet op de eigen contactpagina",nog niet gecontroleerd,,16-09-2026,"Eigen contactpagina bevestigt het bezoekadres en KVK 50169858. Huijskes VRT B.V. wordt als handelsnaam gebruikt; de juridische entiteit is Huijskes Verkeersregeltechniek B.V. De eigen site noemt ook Postbus 6, 5825 ZG Overloon, maar het bezoekadres is 14 Oktoberplein 6. Het telefoonnummer is extern bevestigd en staat niet op de eigen contactpagina. Geen bruikbaar medewerkersaantal gevonden. Er is ook een Huijskes VRT Beheer B.V. zichtbaar."
L0019,Jacobs & Smits Metaalbewerking B.V.,Jacobs & Smits Metaalbewerking B.V.,https://www.jacobsensmits.nl/contact-met-jacobs-smits/,17166075,jacobsensmits.nl,https://www.jacobsensmits.nl,Boxmeer,5831 AK,Lionstraat 18,15,Niet gevonden,https://www.jacobsensmits.nl/metaalbewerking-in-boxmeer/,A,Niet gevonden,Actueel/live,Organisatie,Werkzame personen,afgerond,https://www.jacobsensmits.nl/metaalbewerking-in-boxmeer/,nog te bepalen,nog niet te bepalen,info@jacobsensmits.nl,0485-575677,https://www.jacobsensmits.nl/contact-met-jacobs-smits/,nog niet gecontroleerd,,16-09-2026,"Eigen bron noemt exact een team van 15 vakbekwame medewerkers. De handmatige beoordeling heeft vastgesteld dat dit personen betreft en niet arbeidsjaren, waarmee de eenheid op werkzame personen staat. Het cijfer geldt voor de organisatie als geheel. Segment daarom nog te bepalen totdat de regio is vastgesteld. Makomar wordt op de eigen site genoemd voor aanvullende metaal- en kunststofbewerking; die relatie is niet verder onderzocht."
L0020,Kepser B.V.,Onbekend,https://www.kepser.nl/en/about-kepser en https://drimble.nl/bedrijf/cuijk/16261844/kepser-bv.html,16045039,kepser.nl,https://www.kepser.nl,Cuijk,5431 NN,Simon Homburgstraat 12,Onbekend,Niet gevonden,Niet gevonden,Onbekend,Niet gevonden,Actualiteit onduidelijk,Onbekend,Onbekend,niet nodig,,onbekend,nog niet te bepalen,welkom@kepser.nl,0485 33 60 60,https://www.landvancuijk.nl/vermelding/kepser/ voor telefoonnummer en een afwijkend e-mailadres; welkom@kepser.nl komt uit een extern zakenblad en is niet op kepser.nl bevestigd,nog niet gecontroleerd,,16-09-2026,"Eigen website van Kepser B.V. bevestigd, met Simon Homburgstraat 12 en postbus 70, 5430 AB Cuijk. KVK 16045039. Op hetzelfde adres zijn ook Kepser Holding B.V. en Kepser Pro-Metaal B.V. zichtbaar, en er wordt een dochterbedrijf Venrooy genoemd. Daardoor is de canonieke organisatienaam volgens onze organisatieregel nog Onbekend. Een externe bron noemt circa 80 medewerkers, maar dat is niet gebruikt omdat er binnen deze ronde geen voldoende sterke personeelsbron is gevonden. Identiteit, adres en contactgegevens zijn wel voldoende onderbouwd voor opname."
L0021,Infrascoop B.V.,Onbekend,https://www.infrascoop.nl/over-infrascoop/ en https://www.ploegam.nl/dit-is-ploegam/historie,17198388,infrascoop.nl,https://www.infrascoop.nl,Cuijk,5431 NS,De Hork 25,Onbekend,Niet gevonden,Niet gevonden,Onbekend,Niet gevonden,Actualiteit onduidelijk,Onbekend,Onbekend,afgerond,"https://www.infrascoop.nl/over-infrascoop/, https://www.infrascoop.nl/vacatures/, https://www.ploegam.nl/dit-is-ploegam/historie",onbekend,nog niet te bepalen,info@infrascoop.nl,0485-312477,https://www.infrascoop.nl/contact/,nog niet gecontroleerd,,17-09-2026,"Infrascoop maakt sinds 1 januari 2023 deel uit van de Ploegam Groep. Het bedrijf heeft een eigen handelsnaam, website, vestiging, directie en bedrijfsbureau, maar Ploegam is zelf een operationele onderneming en geen zuivere holding, en er zijn aanwijzingen voor groepsbrede processen en recruitment. Daardoor blijft de canonieke Organisatienaam volgens onze huidige regel Onbekend. Vestigingsnummer 000017858062. Geen bruikbaar medewerkersaantal gevonden. Handmatige beoordeling afgerond. Het eigen pand op bedrijventerrein De Beijerd en 't Riet heeft een duidelijke kantoororganisatie naast het project- en buitenwerk."
L0022,Cybox Internet & Communicatie,Cybox Internet & Communicatie,https://www.cybox.nl/contact/,16088598,cybox.nl,https://www.cybox.nl,Boxmeer,5831 CJ,Spoorstraat 55k,Onbekend,Niet gevonden,Niet gevonden,Onbekend,Niet gevonden,Actualiteit onduidelijk,Onbekend,Onbekend,niet nodig,,onbekend,nog niet te bepalen,info@cybox.nl,0485 47 17 74,https://www.cybox.nl/contact/,nog niet gecontroleerd,,17-09-2026,"De eigen contactpagina bevestigt Mediaplein, Spoorstraat 55k, 5831 CJ Boxmeer. Een eerder gevonden niveau-2-bron noemde Spoorstraat 55f; de actuele eigen bron is leidend. De eigen site bevestigt KvK 16088598. Er bestaat daarnaast support@cybox.nl als technisch supportadres, maar dat wordt niet als algemeen e-mailadres gebruikt. Geen bruikbaar medewerkersaantal gevonden."
L0023,EEF Makelaars,EEF Makelaars,https://www.eefmakelaars.nl/contact,68298684,eefmakelaars.nl,https://www.eefmakelaars.nl,Boxmeer,5831 EJ,Burgemeester Verkuijlstraat 55,Onbekend,Niet gevonden,Niet gevonden,Onbekend,Niet gevonden,Actualiteit onduidelijk,Onbekend,Onbekend,niet nodig,,onbekend,nog niet te bepalen,info@eefmakelaars.nl,0485 745 758,https://www.eefmakelaars.nl/contact,nog niet gecontroleerd,,17-09-2026,"De eigen site bevestigt adres en contactgegevens, maar noemt geen juridische entiteit en geen KvK-nummer. KvK 68298684 is via een niveau-2-bron gevonden en niet op de eigen site bevestigd. EEF Makelaars blijft daarom als commerciële Organisatienaam gebruikt. Geen bruikbaar medewerkersaantal gevonden. Het kantoor heeft klantontvangst als kernfunctie."
L0024,GH Advocaten Boxmeer B.V.,GH Advocaten Boxmeer B.V.,https://www.ghadvocaten.nl/contact/ en companyinfo.nl-profiel van GH Advocaten Boxmeer B.V.,17166606,ghadvocaten.nl,https://www.ghadvocaten.nl,Boxmeer,5831 CM,Spoorstraat 66,Onbekend,Niet gevonden,Niet gevonden,Onbekend,Niet gevonden,Actualiteit onduidelijk,Onbekend,Onbekend,afgerond,"https://www.ghadvocaten.nl/contact/, companyinfo.nl-profiel van GH Advocaten Boxmeer B.V. voor KVK, vestigingsnummer en bestuurder, advocatengids.net-vermelding van GH Advocaten Groesbeek B.V.",onbekend,nog niet te bepalen,info@ghadvocaten.nl,0485-561646,https://www.ghadvocaten.nl/contact/,nog niet gecontroleerd,,17-09-2026,"De eigen site presenteert het kantoor in Boxmeer aan Spoorstraat 66. KvK 17166606, vestigingsnummer 000018741657. GH Advocaten Groesbeek B.V. staat volgens externe bronnen op hetzelfde adres maar heeft geen aparte commerciële uiting. GH Advocaten Beheer B.V. is bestuurder en wordt als beheerstructuur behandeld. De handmatige beoordeling heeft vastgesteld dat GH Advocaten Boxmeer B.V. voor deze lead als operationele Organisatienaam kan worden gebruikt. Gidsen noemen soms Spoorstraat 6; de eigen site en de KVK-gegevens bevestigen Spoorstraat 66. Geen bruikbaar medewerkersaantal gevonden."
L0025,Notariskantoor Boxmeer B.V.,Notariskantoor Boxmeer B.V.,Ledenlijstvermelding van Notariskantoor Boxmeer B.V. op cubox.nl,Niet gevonden,notariskantoorboxmeer.nl,https://www.notariskantoorboxmeer.nl,Boxmeer,5831 PE,"Bereklauw 1, 2e verdieping",Onbekend,Niet gevonden,Niet gevonden,Onbekend,Niet gevonden,Actualiteit onduidelijk,Onbekend,Onbekend,niet nodig,,onbekend,nog niet te bepalen,notaris@notariskantoorboxmeer.nl,0485 573472,https://www.notariskantoorboxmeer.nl/contact,nog niet gecontroleerd,,17-09-2026,"De huidige eigen contactpagina bevestigt Bereklauw 1, 2e verdieping, 5831 PE Boxmeer, en het telefoonnummer 0485 573472. Oudere gidsvermeldingen koppelen dit nummer aan andere notariskantoornamen en aan Steenstraat 152; de huidige eigen bron is leidend. De juridische naam Notariskantoor Boxmeer B.V. is via de Cubox-ledenlijst gevonden en niet op de eigen site bevestigd. KvK-nummer niet betrouwbaar gevonden. Geen bruikbaar medewerkersaantal gevonden."
L0026,ES Metaaltechniek,ES Metaaltechniek,https://www.esmetaaltechniek.nl/contact/,17264544,esmetaaltechniek.nl,https://www.esmetaaltechniek.nl,Beugen,5835 CZ,Provincialeweg 19-21,Onbekend,Niet gevonden,Niet gevonden,Onbekend,Niet gevonden,Actualiteit onduidelijk,Onbekend,Onbekend,niet nodig,,onbekend,nog niet te bepalen,info@esmetaaltechniek.nl,06 2725 2494,https://www.esmetaaltechniek.nl/contact/,nog niet gecontroleerd,,17-09-2026,"De eigen contactpagina bevestigt Provincialeweg 19-21, 5835 CZ Beugen als werkadres. Kerkstraat Noord 9 in Oeffelt is het postadres en niet de vestiging die voor deze lead wordt gebruikt. De eigen site bevestigt KvK 17264544. Rechtsvorm is niet verder vastgesteld. De eigen site noemt Erwin Schaminée en samenwerking met vakspecialisten; de omvang is onbekend. Geen bruikbaar medewerkersaantal gevonden. Commerciële relevantie is voorlopig twijfel vanwege een mogelijk kleine organisatie."
L0027,Verberk Boxmeer Grond- en Wegenbouw,V.A.B. Boxmeer B.V.,https://www.verberk-boxmeer.nl/contact,71896317,verberk-boxmeer.nl,https://www.verberk-boxmeer.nl,Boxmeer,5831 AX,Saxe Gothastraat 2,Onbekend,Niet gevonden,Niet gevonden,Onbekend,Niet gevonden,Actualiteit onduidelijk,Onbekend,Onbekend,afgerond,https://www.verberk-boxmeer.nl/contact en de eerder gebruikte oozo-registervermelding met het oude KVK-nummer 17136107,onbekend,nog niet te bepalen,info@verberk-boxmeer.nl,(0485) 57 63 64,https://www.verberk-boxmeer.nl/contact,nog niet gecontroleerd,,17-09-2026,Verberk Boxmeer Grond- en Wegenbouw is volgens de eigen contactpagina een handelsnaam van V.A.B. Boxmeer B.V. De eigen bron bevestigt KvK 71896317. Het eerder gevonden KvK 17136107 hoort bij de oudere entiteitsnaam Verberk Boxmeer Grond- en Wegenbouw B.V.; de actuele eigen bron is leidend. De externe indicatie van 6 tot 10 personen hoort bij dat oude nummer en is niet gebruikt. Handmatige beoordeling afgerond. Geen bruikbaar medewerkersaantal gevonden.
L0028,Grafisch Huis Boxmeer,Onbekend,https://www.grafisch-huis.nl/onze-vestigingen-in-nijmegen-en-boxmeer/,Niet gevonden,grafisch-huis.nl,https://www.grafisch-huis.nl,Boxmeer,5831 CJ,Spoorstraat 55H,Onbekend,Niet gevonden,Niet gevonden,Onbekend,Niet gevonden,Actualiteit onduidelijk,Onbekend,Onbekend,afgerond,"https://www.grafisch-huis.nl/onze-vestigingen-in-nijmegen-en-boxmeer/, https://www.grafisch-huis.nl en de eerder gebruikte Cubox-vermelding van Grafisch Huis Boxmeer",onbekend,nog niet te bepalen,boxmeer@grafisch-huis.nl,0485 34 68 62,https://www.grafisch-huis.nl/onze-vestigingen-in-nijmegen-en-boxmeer/,nog niet gecontroleerd,,17-09-2026,"De eigen vestigingenpagina bevestigt Spoorstraat 55H, 5831 CJ Boxmeer. Een Cubox-bron noemde postcode 5831 JC; de actuele eigen bron is leidend. De website presenteert Grafisch Huis van Mameren en Grafisch Huis Boxmeer als twee vestigingen en namen onder één merk en domein, en een externe sociale bron staat op naam van Grafisch Huis van Mameren B.V. Het is niet betrouwbaar vastgesteld welke juridische entiteit de Boxmeerse vestiging exploiteert, daarom Organisatienaam Onbekend. Handmatige beoordeling afgerond. Geen bruikbaar medewerkersaantal gevonden."
L0029,MAAY Drukwerk,MAAY Group B.V.,https://www.maay-drukwerk.nl/contact/,Niet gevonden,maay-drukwerk.nl,https://www.maay-drukwerk.nl,Boxmeer,5831 CM,Spoorstraat 40,Onbekend,Niet gevonden,Niet gevonden,Onbekend,Niet gevonden,Actualiteit onduidelijk,Onbekend,Onbekend,niet nodig,,onbekend,nog niet te bepalen,info@maay.nl,0485 82 03 00,https://www.maay-drukwerk.nl/contact/,nog niet gecontroleerd,,17-09-2026,"De eigen contactpagina voert MAAY Group B.V. als afzender, met bezoekadres Spoorstraat 40, 5831 CM Boxmeer. KvK 74160397 en vestigingsnummer 000042140315 zijn alleen via een C-bron gevonden en daarom niet als bewezen KVK overgenomen. Een C-bron noemt 2 personen; dat is alleen een indicatie en wordt niet gebruikt voor segmentatie. Geen bruikbaar medewerkersaantal uit een A- of B-bron. Commerciële relevantie voorlopig twijfel vanwege een mogelijk kleine organisatie."
L0030,"Van Gemert Installatiegroep, vestiging Overloon",Onbekend,https://www.vangemertbv.nl en https://www.vangemertbv.nl/contact,16058704,vangemertbv.nl,https://www.vangemertbv.nl,Overloon,5825 HN,Oploseweg 12b,Ruim 60,Niet gevonden,https://www.vangemertbv.nl/over-ons,A,Niet gevonden,Actueel/live,Entiteit,Werkzame personen,afgerond,"https://www.vangemertbv.nl, https://www.vangemertbv.nl/contact en https://www.vangemertbv.nl/onze-winkels/ en https://www.vangemertbv.nl/over-ons",50+,nog niet te bepalen,info@vangemertbv.nl,0478 50 71 71,https://www.vangemertbv.nl/contact,nog niet gecontroleerd,,17-09-2026,"De eigen site bevestigt de vestiging Overloon aan Oploseweg 12b, 5825 HN; daarnaast bestaat een vestiging in Mill aan Karstraat 33. Van Gemert Installatiegroep maakt volgens de eigen site deel uit van De Groot Installatiegroep. De Groot is een operationele installatiegroep en geen zuivere holding, de contactpagina van Van Gemert is geïntegreerd met De Groot, en bestuurder is DGI Van Gemert B.V. Daardoor blijft de canonieke Organisatienaam volgens onze huidige organisatieregel Onbekend. Handmatige beoordeling afgerond. De eigen over-ons-pagina van Van Gemert vermeldt actueel ""ruim 60 betrokken medewerkers"". Deze formulering heeft betrekking op Van Gemert zelf en onderscheidt Van Gemert expliciet van moederorganisatie De Groot Installatiegroep. Het cijfer wordt daarom als A-bron gebruikt op entiteitsniveau. ""Betrokken medewerkers"" betreft personen; Eenheid medewerkers = Werkzame personen. Het betrouwbare cijfer ligt boven de grens van 50, waardoor Segment = 50+. De eerder onderzochte optelling van losse teamgroottes uit vacaturepagina's is niet gebruikt voor deze segmentatie."
